Workbook

Sheet ATCData
A1: ATCCode | B1: Substance | C1: ATCCategory1Code | D1: ATCCategory1 | E1: ATCCategory3Code | F1: ATCCategory3 | G1: ATCCategory4Code | H1: ATCCategory4 | I1: ATCCategory5Code | J1: ATCCategory5
A2: A01AA01 | B2: Natriumfluorid | C2: =MID(A2,1,1) -> A | D2: =VLOOKUP(C2,'Cat1'!$A:$B,2,FALSE) -> Alimentäres System und Stoffwechsel | E2: =MID(A2,1,3) -> A01 | F2: =VLOOKUP(E2,'Cat3'!$A:$B,2,FALSE) -> Stomatologika | G2: =MID(A2,1,4) -> A01A | H2: =VLOOKUP(G2,'Cat4'!$A:$B,2,FALSE) -> Stomatologika | I2: =MID(A2,1,5) -> A01AA | J2: =VLOOKUP(I2,'Cat5'!$A:$B,2,FALSE) -> Mittel zur Kariesprophylaxe
A3: A01AA02 | B3: Natriummonofluorphosphat | C3: =MID(A3,1,1) -> A | D3: =VLOOKUP(C3,'Cat1'!$A:$B,2,FALSE) -> Alimentäres System und Stoffwechsel | E3: =MID(A3,1,3) -> A01 | F3: =VLOOKUP(E3,'Cat3'!$A:$B,2,FALSE) -> Stomatologika | G3: =MID(A3,1,4) -> A01A | H3: =VLOOKUP(G3,'Cat4'!$A:$B,2,FALSE) -> Stomatologika | I3: =MID(A3,1,5) -> A01AA | J3: =VLOOKUP(I3,'Cat5'!$A:$B,2,FALSE) -> Mittel zur Kariesprophylaxe
A4: A01AA03 | B4: Olaflur | C4: =MID(A4,1,1) -> A | D4: =VLOOKUP(C4,'Cat1'!$A:$B,2,FALSE) -> Alimentäres System und Stoffwechsel | E4: =MID(A4,1,3) -> A01 | F4: =VLOOKUP(E4,'Cat3'!$A:$B,2,FALSE) -> Stomatologika | G4: =MID(A4,1,4) -> A01A | H4: =VLOOKUP(G4,'Cat4'!$A:$B,2,FALSE) -> Stomatologika | I4: =MID(A4,1,5) -> A01AA | J4: =VLOOKUP(I4,'Cat5'!$A:$B,2,FALSE) -> Mittel zur Kariesprophylaxe
A5: A01AA04 | B5: Zinn(II)-fluorid | C5: =MID(A5,1,1) -> A | D5: =VLOOKUP(C5,'Cat1'!$A:$B,2,FALSE) -> Alimentäres System und Stoffwechsel | E5: =MID(A5,1,3) -> A01 | F5: =VLOOKUP(E5,'Cat3'!$A:$B,2,FALSE) -> Stomatologika | G5: =MID(A5,1,4) -> A01A | H5: =VLOOKUP(G5,'Cat4'!$A:$B,2,FALSE) -> Stomatologika | I5: =MID(A5,1,5) -> A01AA | J5: =VLOOKUP(I5,'Cat5'!$A:$B,2,FALSE) -> Mittel zur Kariesprophylaxe
A6: A01AA05 | B6: Fluorsilan | C6: =MID(A6,1,1) -> A | D6: =VLOOKUP(C6,'Cat1'!$A:$B,2,FALSE) -> Alimentäres System und Stoffwechsel | E6: =MID(A6,1,3) -> A01 | F6: =VLOOKUP(E6,'Cat3'!$A:$B,2,FALSE) -> Stomatologika | G6: =MID(A6,1,4) -> A01A | H6: =VLOOKUP(G6,'Cat4'!$A:$B,2,FALSE) -> Stomatologika | I6: =MID(A6,1,5) -> A01AA | J6: =VLOOKUP(I6,'Cat5'!$A:$B,2,FALSE) -> Mittel zur Kariesprophylaxe
A7: A01AA30 | B7: Kombinationen | C7: =MID(A7,1,1) -> A | D7: =VLOOKUP(C7,'Cat1'!$A:$B,2,FALSE) -> Alimentäres System und Stoffwechsel | E7: =MID(A7,1,3) -> A01 | F7: =VLOOKUP(E7,'Cat3'!$A:$B,2,FALSE) -> Stomatologika | G7: =MID(A7,1,4) -> A01A | H7: =VLOOKUP(G7,'Cat4'!$A:$B,2,FALSE) -> Stomatologika | I7: =MID(A7,1,5) -> A01AA | J7: =VLOOKUP(I7,'Cat5'!$A:$B,2,FALSE) -> Mittel zur Kariesprophylaxe
A8: A01AA51 | B8: Natriumfluorid, Kombinationen | C8: =MID(A8,1,1) -> A | D8: =VLOOKUP(C8,'Cat1'!$A:$B,2,FALSE) -> Alimentäres System und Stoffwechsel | E8: =MID(A8,1,3) -> A01 | F8: =VLOOKUP(E8,'Cat3'!$A:$B,2,FALSE) -> Stomatologika | G8: =MID(A8,1,4) -> A01A | H8: =VLOOKUP(G8,'Cat4'!$A:$B,2,FALSE) -> Stomatologika | I8: =MID(A8,1,5) -> A01AA | J8: =VLOOKUP(I8,'Cat5'!$A:$B,2,FALSE) -> Mittel zur Kariesprophylaxe
A9: A01AB02 | B9: Wasserstoffperoxid | C9: =MID(A9,1,1) -> A | D9: =VLOOKUP(C9,'Cat1'!$A:$B,2,FALSE) -> Alimentäres System und Stoffwechsel | E9: =MID(A9,1,3) -> A01 | F9: =VLOOKUP(E9,'Cat3'!$A:$B,2,FALSE) -> Stomatologika | G9: =MID(A9,1,4) -> A01A | H9: =VLOOKUP(G9,'Cat4'!$A:$B,2,FALSE) -> Stomatologika | I9: =MID(A9,1,5) -> A01AB | J9: =VLOOKUP(I9,'Cat5'!$A:$B,2,FALSE) -> Antiinfektiva und Antiseptika zur oralen Lokalbehandlung
A10: A01AB03 | B10: Chlorhexidin | C10: =MID(A10,1,1) -> A | D10: =VLOOKUP(C10,'Cat1'!$A:$B,2,FALSE) -> Alimentäres System und Stoffwechsel | E10: =MID(A10,1,3) -> A01 | F10: =VLOOKUP(E10,'Cat3'!$A:$B,2,FALSE) -> Stomatologika | G10: =MID(A10,1,4) -> A01A | H10: =VLOOKUP(G10,'Cat4'!$A:$B,2,FALSE) -> Stomatologika | I10: =MID(A10,1,5) -> A01AB | J10: =VLOOKUP(I10,'Cat5'!$A:$B,2,FALSE) -> Antiinfektiva und Antiseptika zur oralen Lokalbehandlung
A11: A01AB04 | B11: Amphotericin B | C11: =MID(A11,1,1) -> A | D11: =VLOOKUP(C11,'Cat1'!$A:$B,2,FALSE) -> Alimentäres System und Stoffwechsel | E11: =MID(A11,1,3) -> A01 | F11: =VLOOKUP(E11,'Cat3'!$A:$B,2,FALSE) -> Stomatologika | G11: =MID(A11,1,4) -> A01A | H11: =VLOOKUP(G11,'Cat4'!$A:$B,2,FALSE) -> Stomatologika | I11: =MID(A11,1,5) -> A01AB | J11: =VLOOKUP(I11,'Cat5'!$A:$B,2,FALSE) -> Antiinfektiva und Antiseptika zur oralen Lokalbehandlung
A12: A01AB05 | B12: Polynoxylin | C12: =MID(A12,1,1) -> A | D12: =VLOOKUP(C12,'Cat1'!$A:$B,2,FALSE) -> Alimentäres System und Stoffwechsel | E12: =MID(A12,1,3) -> A01 | F12: =VLOOKUP(E12,'Cat3'!$A:$B,2,FALSE) -> Stomatologika | G12: =MID(A12,1,4) -> A01A | H12: =VLOOKUP(G12,'Cat4'!$A:$B,2,FALSE) -> Stomatologika | I12: =MID(A12,1,5) -> A01AB | J12: =VLOOKUP(I12,'Cat5'!$A:$B,2,FALSE) -> Antiinfektiva und Antiseptika zur oralen Lokalbehandlung
A13: A01AB06 | B13: Domiphen | C13: =MID(A13,1,1) -> A | D13: =VLOOKUP(C13,'Cat1'!$A:$B,2,FALSE) -> Alimentäres System und Stoffwechsel | E13: =MID(A13,1,3) -> A01 | F13: =VLOOKUP(E13,'Cat3'!$A:$B,2,FALSE) -> Stomatologika | G13: =MID(A13,1,4) -> A01A | H13: =VLOOKUP(G13,'Cat4'!$A:$B,2,FALSE) -> Stomatologika | I13: =MID(A13,1,5) -> A01AB | J13: =VLOOKUP(I13,'Cat5'!$A:$B,2,FALSE) -> Antiinfektiva und Antiseptika zur oralen Lokalbehandlung
... A7276: V90RA03 | B7276: Abrechnung von Medizinalcannabis, unverändert oder in Zubereitungen | C7276: =MID(A7276,1,1) -> V | D7276: =VLOOKUP(C7276,'Cat1'!$A:$B,2,FALSE) -> Varia | E7276: =MID(A7276,1,3) -> V90 | F7276: =VLOOKUP(E7276,'Cat3'!$A:$B,2,FALSE) -> Sondergruppen | G7276: =MID(A7276,1,4) -> V90R | H7276: =VLOOKUP(G7276,'Cat4'!$A:$B,2,FALSE) -> Abrechnung Von Cannabis | I7276: =MID(A7276,1,5) -> V90RA | J7276: =VLOOKUP(I7276,'Cat5'!$A:$B,2,FALSE) -> Abrechnung von Cannabis

Sheet RawData
A1: Stellen | B1: Code | C1: Bezeichnung
A2: =LEN(TRIM(B2)) -> 7 | B2: A01AA01 | C2: Natriumfluorid
A3: =LEN(TRIM(B3)) -> 7 | B3: A01AA02 | C3: Natriummonofluorphosphat
A4: =LEN(TRIM(B4)) -> 7 | B4: A01AA03 | C4: Olaflur
A5: =LEN(TRIM(B5)) -> 7 | B5: A01AA04 | C5: Zinn(II)-fluorid
A6: =LEN(TRIM(B6)) -> 7 | B6: A01AA05 | C6: Fluorsilan
A7: =LEN(TRIM(B7)) -> 7 | B7: A01AA30 | C7: Kombinationen
A8: =LEN(TRIM(B8)) -> 7 | B8: A01AA51 | C8: Natriumfluorid, Kombinationen
A9: =LEN(TRIM(B9)) -> 7 | B9: A01AB02 | C9: Wasserstoffperoxid
A10: =LEN(TRIM(B10)) -> 7 | B10: A01AB03 | C10: Chlorhexidin
A11: =LEN(TRIM(B11)) -> 7 | B11: A01AB04 | C11: Amphotericin B
A12: =LEN(TRIM(B12)) -> 7 | B12: A01AB05 | C12: Polynoxylin
A13: =LEN(TRIM(B13)) -> 7 | B13: A01AB06 | C13: Domiphen
... A8816: =LEN(TRIM(B8816)) -> 1 | B8816: V | C8816: VARIA

Sheet Cat1
A1: Code | B1: Bezeichnung
A2: A | B2: Alimentäres System und Stoffwechsel
A3: B | B3: Blut und Blutbildende Organe
A4: C | B4: Kardiovaskuläres System
A5: D | B5: Dermatika
A6: G | B6: Urogenitalsystem und Sexualhormone
A7: H | B7: Systemische Hormonpräparate, exkl. Sexualhormone und Insuline
A8: J | B8: Antiinfektiva zur systemischen Anwendung
A9: L | B9: Antineoplastische und immunmodulierende Mittel
A10: M | B10: Muskel- und Skelettsystem
A11: N | B11: Nervensystem
A12: P | B12: Antiparasitäre Mittel, Insektizide und Repellenzien
... A15: V | B15: Varia

Sheet Cat3
A1: Code | B1: Bezeichnung
A2: A01 | B2: Stomatologika
A3: A02 | B3: Mittel Bei Säure Bedingten Erkrankungen
A4: A03 | B4: Mittel Bei Funktionellen Gastrointestinalen Störungen
A5: A04 | B5: Antiemetika Und Mittel Gegen Übelkeit
A6: A05 | B6: Gallen- Und Lebertherapie
A7: A06 | B7: Mittel Gegen Obstipation
A8: A07 | B8: Antidiarrhoika Und Intestinale Antiphlogistika/Antiinfektiva
A9: A08 | B9: Antiadiposita, Exkl. Diätetika
A10: A09 | B10: Digestiva, Inkl. Enzyme
A11: A10 | B11: Antidiabetika
A12: A11 | B12: Vitamine
... A100: V90 | B100: Sondergruppen

Sheet Cat4
A1: Code | B1: Bezeichnung
A2: A01A | B2: Stomatologika
A3: A02A | B3: Antacida
A4: A02B | B4: Mittel Bei Peptischem Ulkus Und Gastrooesophagealer Refluxkrankheit (Gerd)
A5: A02X | B5: Andere Mittel Bei Säure Bedingten Erkrankungen
A6: A03A | B6: Mittel Bei Funktionellen Gastrointestinalen Störungen
A7: A03B | B7: Belladonna Und Derivate, Rein
A8: A03C | B8: Spasmolytika In Kombination Mit Psycholeptika
A9: A03D | B9: Spasmolytika In Kombination Mit Analgetika
A10: A03E | B10: Spasmolytika Und Anticholinergika In Kombination Mit Anderen Mitteln
A11: A03F | B11: Prokinetika
A12: A03H | B12: Andere Homöopathische Und Anthroposophische Zubereitungen
... A301: V90U | B301: Hinweis Auf Eine Wirkstoffverordnung

Sheet Cat5
A1: Code | B1: Bezeichnung
A2: A01AA | B2: Mittel zur Kariesprophylaxe
A3: A01AB | B3: Antiinfektiva und Antiseptika zur oralen Lokalbehandlung
A4: A01AC | B4: Corticosteroide zur oralen Lokalbehandlung
A5: A01AD | B5: Andere Mittel zur oralen Lokalbehandlung
A6: A01AE | B6: Lokalanästhetika für die orale Lokalbehandlung
A7: A01AH | B7: Homöopathische und anthroposophische Stomatologika
A8: A01AP | B8: Pflanzliche Stomatologika
A9: A02AA | B9: Magnesium-haltige Verbindungen
A10: A02AB | B10: Aluminium-haltige Verbindungen
A11: A02AC | B11: Calcium-haltige Verbindungen
A12: A02AD | B12: Kombinationen und Komplexe von Aluminium-, Calcium- und Magnesium-haltigen Verbindungen
... A1128: V90RA | B1128: Abrechnung von Cannabis

Sheet Cat7
A1: Code | B1: Bezeichnung
A2: A01AA | B2: Mittel zur Kariesprophylaxe
A3: A01AB | B3: Antiinfektiva und Antiseptika zur oralen Lokalbehandlung
A4: A01AC | B4: Corticosteroide zur oralen Lokalbehandlung
A5: A01AD | B5: Andere Mittel zur oralen Lokalbehandlung
A6: A01AE | B6: Lokalanästhetika für die orale Lokalbehandlung
A7: A01AH | B7: Homöopathische und anthroposophische Stomatologika
A8: A01AP | B8: Pflanzliche Stomatologika
A9: A02AA | B9: Magnesium-haltige Verbindungen
A10: A02AB | B10: Aluminium-haltige Verbindungen
A11: A02AC | B11: Calcium-haltige Verbindungen
A12: A02AD | B12: Kombinationen und Komplexe von Aluminium-, Calcium- und Magnesium-haltigen Verbindungen
... A1128: V90RA | B1128: Abrechnung von Cannabis
